precision,accuracy,recall,duration
0.9910762412096323,0.9911,0.9910717336594953,1.1570086479187012
