precision,accuracy,recall,duration
0.7903950852675956,0.793,0.7894295193174717,1.1289806365966797
